{
  "ensemble": {
    "model": "Ensemble",
    "accuracy": 0.9866739144758516,
    "precision": 0.9862933405473646,
    "recall": 0.9774352100089365,
    "f1": 0.9818442963262192,
    "roc_auc": 0.9954915634083326,
    "confusion_matrix": [
      [
        76048,
        608
      ],
      [
        1010,
        43750
      ]
    ]
  },
  "xgboost": {
    "model": "XGBoost",
    "accuracy": 0.8619374711734862,
    "precision": 0.813284694402793,
    "recall": 0.8118856121537087,
    "f1": 0.8125845510548617,
    "roc_auc": 0.9394342392712431,
    "confusion_matrix": [
      [
        68313,
        8343
      ],
      [
        8420,
        36340
      ]
    ]
  },
  "bert": {
    "model": "DistilBERT",
    "accuracy": 0.9873657508071424,
    "precision": 0.9815087109566457,
    "recall": 0.984271671134942,
    "f1": 0.9828882493362783,
    "roc_auc": 0.998699302656213,
    "confusion_matrix": [
      [
        75826,
        830
      ],
      [
        704,
        44056
      ]
    ]
  },
  "ensemble_config": {
    "xgb_weight": 0.5,
    "bert_weight": 0.5,
    "threshold": 0.5
  }
}