{
  "accuracy": 0.8619374711734862,
  "precision": 0.813284694402793,
  "recall": 0.8118856121537087,
  "f1": 0.8125845510548617,
  "roc_auc": 0.9394342392712431,
  "confusion_matrix": [
    [
      68313,
      8343
    ],
    [
      8420,
      36340
    ]
  ]
}